batch_start,batch_end,source,content,type,prompt_tokens,completion_tokens
0,52,user,"目前正在處理第 0 至 52 筆資料（共 53 筆）。
以下為該批次資料:
[{'時間': '2025-05-27', '運動類型': '跑步', '持續時間(分)': 30, '筆記': '流了很多汗，感覺全身都被喚醒了。'}, {'時間': '2025-05-27', '運動類型': '瑜伽', '持續時間(分)': 45, '筆記': '放鬆身心，呼吸也變得更加順暢。'}, {'時間': '2025-05-27', '運動類型': '重訓', '持續時間(分)': 60, '筆記': '肌肉有些酸痛，但非常有成就感。'}, {'時間': '2025-05-27', '運動類型': '游泳', '持續時間(分)': 40, '筆記': '水中運動讓我身心都放鬆了。'}, {'時間': '2025-05-27', '運動類型': '飛輪', '持續時間(分)': 35, '筆記': '大汗淋漓，燃燒卡路里的快感。'}, {'時間': '2025-05-27', '運動類型': '快走', '持續時間(分)': 50, '筆記': '沿著公園走了一圈很舒服。'}, {'時間': '2025-05-27', '運動類型': '登山', '持續時間(分)': 90, '筆記': '風景很美，雖然累但很值得。'}, {'時間': '2025-05-27', '運動類型': '籃球', '持續時間(分)': 60, '筆記': '朋友一起打球超開心又刺激。'}, {'時間': '2025-05-27', '運動類型': '跳繩', '持續時間(分)': 15, '筆記': '短時間內爆汗，心跳超快！'}, {'時間': '2025-05-27', '運動類型': '有氧舞蹈', '持續時間(分)': 30, '筆記': '音樂加上節奏，運動也能這麼快樂。'}, {'時間': '2025-05-27', '運動類型': '跑步', '持續時間(分)': 25, '筆記': '腳步越來越穩，狀態不錯。'}, {'時間': '2025-05-27', '運動類型': '瑜伽', '持續時間(分)': 60, '筆記': '每個動作都感覺能深入肌肉。'}, {'時間': '2025-05-27', '運動類型': '重訓', '持續時間(分)': 45, '筆記': '今天上半身訓練特別有力。'}, {'時間': '2025-05-27', '運動類型': '游泳', '持續時間(分)': 30, '筆記': '身體放鬆了，壓力也少了些。'}, {'時間': '2025-05-27', '運動類型': '快走', '持續時間(分)': 40, '筆記': '邊聽音樂邊走路，超放鬆。'}, {'時間': '2025-05-27', '運動類型': '飛輪', '持續時間(分)': 50, '筆記': '腿好酸，但覺得自己更有毅力了。'}, {'時間': '2025-05-27', '運動類型': '登山', '持續時間(分)': 120, '筆記': '風景超棒，雖然累但很值得。'}, {'時間': '2025-05-27', '運動類型': '籃球', '持續時間(分)': 45, '筆記': '團隊合作真的很重要。'}, {'時間': '2025-05-27', '運動類型': '跳繩', '持續時間(分)': 20, '筆記': '簡單卻高效，燃脂效果超棒。'}, {'時間': '2025-05-27', '運動類型': '有氧舞蹈', '持續時間(分)': 35, '筆記': '每次跳完都心情特好。'}, {'時間': '2025-05-27', '運動類型': '跑步', '持續時間(分)': 40, '筆記': '今天狀態很好，跑得很順。'}, {'時間': '2025-05-27', '運動類型': '瑜伽', '持續時間(分)': 30, '筆記': '身體被完全伸展，很舒服。'}, {'時間': '2025-05-27', '運動類型': '重訓', '持續時間(分)': 55, '筆記': '汗流浹背，肌肉感越來越明顯。'}, {'時間': '2025-05-27', '運動類型': '游泳', '持續時間(分)': 25, '筆記': '水裡的每一刻都很自由。'}, {'時間': '2025-05-27', '運動類型': '快走', '持續時間(分)': 30, '筆記': '輕鬆愉快，不知不覺就結束。'}, {'時間': '2025-05-27', '運動類型': '飛輪', '持續時間(分)': 40, '筆記': '節奏感超強，整個人超有勁。'}, {'時間': '2025-05-27', '運動類型': '登山', '持續時間(分)': 100, '筆記': '空氣清新，讓人忘記都市壓力。'}, {'時間': '2025-05-27', '運動類型': '籃球', '持續時間(分)': 50, '筆記': '跟朋友拼搏很有動力。'}, {'時間': '2025-05-27', '運動類型': '跳繩', '持續時間(分)': 10, '筆記': '短暫爆發力訓練也很有效。'}, {'時間': '2025-05-27', '運動類型': '有氧舞蹈', '持續時間(分)': 45, '筆記': '舞步輕快，讓人停不下來。'}, {'時間': '2025-05-27', '運動類型': '跑步', '持續時間(分)': 35, '筆記': '速度提升不少，滿意今天表現。'}, {'時間': '2025-05-27', '運動類型': '瑜伽', '持續時間(分)': 50, '筆記': '身心放鬆，煩惱也少了些。'}, {'時間': '2025-05-27', '運動類型': '重訓', '持續時間(分)': 70, '筆記': '今天挑戰重量成功，超有成就感。'}, {'時間': '2025-05-27', '運動類型': '游泳', '持續時間(分)': 35, '筆記': '運動後整個人清爽又自在。'}, {'時間': '2025-05-27', '運動類型': '快走', '持續時間(分)': 60, '筆記': '走出好心情，也走出健康。'}, {'時間': '2025-05-27', '運動類型': '飛輪', '持續時間(分)': 30, '筆記': '滿滿汗水，證明努力沒白費。'}, {'時間': '2025-05-27', '運動類型': '登山', '持續時間(分)': 110, '筆記': '山頂風景絕美，一切都值得。'}, {'時間': '2025-05-27', '運動類型': '籃球', '持續時間(分)': 55, '筆記': '不只是運動，也是友誼的連結。'}, {'時間': '2025-05-27', '運動類型': '跳繩', '持續時間(分)': 18, '筆記': '心肺有被挑戰到的感覺。'}, {'時間': '2025-05-27', '運動類型': '有氧舞蹈', '持續時間(分)': 50, '筆記': '音樂讓人更容易堅持下去。'}, {'時間': '2025-05-27', '運動類型': '跑步', '持續時間(分)': 28, '筆記': '雖然累但跑完超有成就感。'}, {'時間': '2025-05-27', '運動類型': '瑜伽', '持續時間(分)': 55, '筆記': '每次伸展都更認識自己的身體。'}, {'時間': '2025-05-27', '運動類型': '重訓', '持續時間(分)': 65, '筆記': '訓練後的痠痛讓人感到踏實。'}, {'時間': '2025-05-27', '運動類型': '游泳', '持續時間(分)': 45, '筆記': '輕盈自在的感覺好迷人。'}, {'時間': '2025-05-27', '運動類型': '快走', '持續時間(分)': 55, '筆記': '邊走邊聽Podcast時間過得很快。'}, {'時間': '2025-05-27', '運動類型': '飛輪', '持續時間(分)': 42, '筆記': '節奏帶動整個人都動起來。'}, {'時間': '2025-05-27', '運動類型': '登山', '持續時間(分)': 95, '筆記': '空氣超清新，心情也跟著飛揚。'}, {'時間': '2025-05-27', '運動類型': '籃球', '持續時間(分)': 60, '筆記': '競賽讓人更有動力去突破。'}, {'時間': '2025-05-27', '運動類型': '跳繩', '持續時間(分)': 12, '筆記': '短暫卻充滿挑戰感。'}, {'時間': '2025-05-27', '運動類型': '有氧舞蹈', '持續時間(分)': 38, '筆記': '每個舞步都讓人更有活力。'}, {'時間': '2025-05-28', '運動類型': '高爾夫球', '持續時間(分)': 30, '筆記': '手好酸。'}, {'時間': '2025-05-29', '運動類型': '跳繩', '持續時間(分)': 15, '筆記': '感覺神清氣爽。'}, {'時間': '2025-06-30', '運動類型': '跑步', '持續時間(分)': 30, '筆記': '好累'}]

搜尋在這份資料中綜合運動次數總次數以及時數最多的前5種運動，並給給出運動類型以及時長在健康方面建議。其中請特別注意：
  1. 分析運動的種類是否對於筆記的心情有明顯影響；
  2. 根據此運動紀錄給出具體的建議和相關參考資訊。
  3. 最後面請給出兩到三句簡短的總結。
請各代理人協同合作，提供一份完整且具參考價值的建議。",TextMessage,,
0,52,data_agent,"好的，我們將協同分析這份運動數據，並提供運動建議。

**第一步：數據整理與分析**

首先，我們統計各運動類型出現的次數與總時長：

| 運動類型    | 次數 | 總時長(分) |
| ----------- | ---- | -------- |
| 跑步        | 5    | 168      |
| 瑜伽        | 5    | 245      |
| 重訓        | 5    | 295      |
| 游泳        | 5    | 165      |
| 飛輪        | 5    | 197      |
| 快走        | 5    | 235      |
| 登山        | 5    | 515      |
| 籃球        | 5    | 265      |
| 跳繩        | 6    | 90       |
| 有氧舞蹈    | 5    | 198      |
| 高爾夫球    | 1    | 30       |

因此，前五名運動類型依總時長排序為：登山、重訓、籃球、瑜伽、快走。

**第二步：運動類型與心情的關聯性分析**

我們檢視筆記內容，評估運動類型是否與心情有明顯關聯：

*   **正向情緒：** 跑步、瑜伽、重訓、游泳、飛輪、快走、登山、籃球、有氧舞蹈，多數筆記都帶有正向情緒，例如「感覺全身都被喚醒了」、「放鬆身心」、「非常有成就感」、「水中運動讓我身心都放鬆了」、「燃燒卡路里的快感」、「沿著公園走了一圈很舒服」、「風景很美，雖然累但很值得」、「朋友一起打球超開心又刺激」、「音樂加上節奏，運動也能這麼快樂」。
*   **中性/負面情緒：** 跳繩的筆記多描述身體感受，例如「短時間內爆汗，心跳超快！」、「簡單卻高效，燃脂效果超棒。」、「短暫爆發力訓練也很有效。」，情緒色彩較淡。高爾夫球則有「手好酸」的描述。
*   **結論：** 大部分運動都伴隨著正向情緒，顯示運動能有效提升心情。跳繩可能因強度較高，主要著重於身體感受。高爾夫球可能因不熟悉或姿勢不正確，導致不適感。

**第三步：前五名運動類型之建議**

針對總時長前五名的運動類型，我們提供以下建議：

1.  **登山：**
    *   **健康益處：** 增強心肺功能、鍛鍊腿部肌肉、提升平衡感、舒緩壓力、欣賞自然美景。
    *   **注意事項：** 選擇適合自身體能的山徑、攜帶足夠的水與食物、注意保暖、穿著防滑鞋、結伴同行。
    *   **心情影響：** 絕大多數是正面影響，可以忘記都市壓力。
    *   **額外建議：** 可以搭配使用登山杖，減輕膝蓋負擔。
    *   **參考資訊：** 健行筆記、台灣山林悠遊網。

2.  **重訓：**
    *   **健康益處：** 增加肌肉量、提升基礎代謝率、強化骨骼、改善體態、預防慢性疾病。
    *   **注意事項：** 學習正確的姿勢、循序漸進增加重量、注意休息、補充蛋白質。
    *   **心情影響：** 運動後會有滿滿的成就感，讓人感到踏實。
    *   **額外建議：** 可以尋求專業教練指導，避免運動傷害。
    *   **參考資訊：** 台灣運動醫學學會、肌力與體能訓練協會。

3.  **籃球：**
    *   **健康益處：** 增強心肺功能、訓練協調性、提升反應速度、增進團隊合作、釋放壓力。
    *   **注意事項：** 熱身要充分、注意場地安全、避免碰撞、適時補充水分。
    *   **心情影響：** 可以與朋友建立友誼，建立連結。
    *   **額外建議：** 可以學習更多籃球技巧，提升運動樂趣。
    *   **參考資訊：** 中華民國籃球協會、運動視界。

4.  **瑜伽：**
    *   **健康益處：** 伸展肌肉、增加柔軟度、改善姿勢、放鬆身心、提升睡眠品質。
    *   **注意事項：** 選擇適合自身程度的課程、呼吸要配合動作、避免過度伸展。
    *   **心情影響：** 運動後放鬆身心，煩惱減少。
    *   **額外建議：** 可以搭配冥想練習，提升專注力。
    *   **參考資訊：** 台灣瑜伽協會、Yoga Journal。

5.  **快走：**
    *   **健康益處：** 增強心肺功能、燃燒卡路里、降低血壓、改善情緒、促進新陳代謝。
    *   **注意事項：** 穿著舒適的鞋子、注意姿勢、選擇安全的路線、適時補充水分。
    *   **心情影響：** 可以放鬆心情，走出健康。
    *   **額外建議：** 可以搭配音樂或Podcast，增加運動樂趣。
    *   **參考資訊：** 國民健康署、World Walking。

**第四步：綜合建議**

1.  **多元化運動：** 這份運動紀錄顯示您喜歡嘗試不同的運動類型，這非常好！持續保持多元化的運動習慣，可以鍛鍊到不同的肌群，並維持運動的樂趣。
2.  **聆聽身體：** 運動過程中，請隨時注意身體的反應。若感到不適，請立即停止並休息。
3.  **設定目標：** 可以為自己設定運動目標，例如增加運動時長、提升運動強度、挑戰新的運動類型等。

**總結**

整體而言，您的運動習慣良好，且能從運動中獲得正向情緒。建議您持續保持多元化的運動習慣，並根據自身狀況調整運動計畫。請記得，運動的目的是為了健康，享受運動的過程最重要。
TERMINATE
",TextMessage,2639.0,1416.0
0,52,assistant,,TextMessage,4055.0,0.0
0,52,user_proxy,exit,TextMessage,,
